Ordem;Contrato;Família;Item ;Descrição ;Dt Requisição;Requisição;Requisitante;Dt Aprov Requis;Dt Ordem;Dt Pedido;Pedido  ;Ped Emerg.;Prazo Entrega;Dt Nota Fiscal;Dt Rec. Físico  ;Comprador   ;Qtde;Valor ;Fornecedor   ;Cond Pagto;Grupo de Estoque;Unid Medida;Tipo de Material;Situação do Item;Tipo Controle do Item;Departamento;Nro Ordem Investimento
  8081.29;0;470;4700447;VALVULA MANGOTE 4POL ANSI B 16.5 - 150PSI / 150#            ;;;0;18/06/2015;06/01/2016;11/01/2016;4.272;Não;20;;;1572800;0;2.006,55;1197;30 - 30 ;85;PC;Material;Ativo   ;Total   ;0;
  8081.18;0;742;7420083;CABO COBRE NU 1X16MM2 7 FIOS                                ;;;0;18/06/2015;05/01/2016;11/01/2016;4.278;Não;17;21/01/2016;05/02/2016;1572800;2.000,00;3,38;10424;28 - 28 ;10;KG;Material;Ativo   ;Total   ;0;
  8081.20;0;590;5900105;ROLAMENTO 23028C SKF                                        ;;;0;18/06/2015;06/01/2016;11/01/2016;4.276;Não;15;20/01/2016;26/01/2016;1572800;2;882,84;5625;30 - 30 ;10;PC;Material;Ativo   ;Total   ;0;
  8081.27;0;354;3541214;CILINDRO DE TRAVA 80300735500 METSO                         ;;;0;18/06/2015;06/01/2016;11/01/2016;4.277;Não;20;12/01/2016;26/01/2016;1572800;6;848,94;9861;9 - 30 D;10;PC;Material;Ativo   ;Total   ;0;
  8081.40;0;614;6140084;LUVA DE VAQUETA M                                           ;;;0;18/06/2015;06/01/2016;11/01/2016;4.282;Não;17;13/01/2016;14/01/2016;1572800;100;17;20465;9 - 30 D;10;PR;Material;Ativo   ;Total   ;0;
  8081.41;0;614;6140136;BOTA PVC 38 COM BIQUEIRA                                    ;;;0;18/06/2015;06/01/2016;11/01/2016;4.274;Não;15;21/01/2016;27/01/2016;1572800;10;145;1536;9 - 30 D;10;PC;Material;Ativo   ;Total   ;0;
  8081.42;0;614;6140236;MEIAO                                                       ;;;0;18/06/2015;06/01/2016;11/01/2016;4.270;Não;17;14/01/2016;08/02/2016;1572800;500;3,8;675;9 - 30 D;10;PR;Material;Ativo   ;Total   ;0;
  8081.43;0;614;6140262;FITA SINALIZACAO 6250 3M                                    ;;;0;18/06/2015;06/01/2016;11/01/2016;4.274;Não;17;18/01/2016;25/01/2016;1572800;100;6,5;1536;9 - 30 D;10;PC;Material;Ativo   ;Total   ;0;
  8081.44;0;614;6140265;MASCARA SEGURANCA 7503 3M                                   ;;;0;18/06/2015;06/01/2016;11/01/2016;4.274;Não;15;18/01/2016;25/01/2016;1572800;10;147;1536;9 - 30 D;10;PC;Material;Ativo   ;Total   ;0;
  8081.45;0;614;6140284;ABAFADOR RUIDO H6A 3M                                       ;;;0;18/06/2015;06/01/2016;11/01/2016;4.282;Não;17;13/01/2016;14/01/2016;1572800;10;43,7;20465;9 - 30 D;10;PC;Material;Ativo   ;Total   ;0;
  8081.46;0;614;6140288;CAPUZ PARA SOLDADOR II CASO TAM.2                           ;;;0;18/06/2015;06/01/2016;11/01/2016;4.274;Não;15;18/01/2016;25/01/2016;1572800;20;12;1536;9 - 30 D;10;PC;Material;Ativo   ;Total   ;0;
  8081.48;0;618;6180044;BOTA DE PVC 38                                              ;;;0;18/06/2015;06/01/2016;11/01/2016;4.274;Não;15;18/01/2016;25/01/2016;1572800;2;99,8;1536;9 - 30 D;10;PR;Material;Ativo   ;Total   ;0;
  8081.49;0;734;7340006;FITA ISOLANTE SCOTH 35+ VERDE                               ;;;0;18/06/2015;06/01/2016;11/01/2016;4.282;Não;15;13/01/2016;14/01/2016;1572800;50;9;20465;9 - 30 D;10;PC;Material;Ativo   ;Total   ;0;
  8081.71;0;650;6500068;ESTOPA                                                      ;;;0;18/06/2015;07/01/2016;11/01/2016;4.275;Não;17;15/01/2016;18/01/2016;1572800;100;1,44;1693;9 - 30 D;10;PC;Material;Ativo   ;Total   ;0;
  8081.72;0;114;1140014;BARRA ACO ABNT 101,60X4,76MM                                ;;;0;18/06/2015;07/01/2016;11/01/2016;4.280;Não;17;12/01/2016;27/01/2016;1572800;2;308,28;13294;9 - 30 D;10;PC;Material;Ativo   ;Total   ;0;
  8081.75;0;842;8420146;ELETRODO INOX 3,25MM                                        ;;;0;18/06/2015;07/01/2016;11/01/2016;4.282;Não;15;13/01/2016;14/01/2016;1572800;5;210;20465;9 - 30 D;10;KG;Material;Ativo   ;Total   ;0;
  8081.77;0;750;7500457;BOTAO COMANDO                                               ;;;0;18/06/2015;07/01/2016;11/01/2016;4.269;Não;17;12/01/2016;25/01/2016;1572800;20;29;230;9 - 30 D;10;PC;Material;Ativo   ;Total   ;0;
  8081.85;0;124;1240055;FLUIDO DE CORTE NB1 TAPMATIC                                ;;;0;18/06/2015;07/01/2016;11/01/2016;4.274;Não;17;18/01/2016;25/01/2016;1572800;10;24,53;1536;9 - 30 D;10;PC;Material;Ativo   ;Total   ;0;
  8081.86;0;152;1520112;REGULADOR PRESSAO 06R313AC1 PARKER HANNIFIN                 ;;;0;18/06/2015;07/01/2016;11/01/2016;4.273;Não;17;13/01/2016;26/01/2016;1572800;4;292;1449;9 - 30 D;10;PC;Material;Ativo   ;Total   ;0;
  8081.89;0;470;4700101;VALVULA GAVETA                                              ;;;0;18/06/2015;07/01/2016;08/02/2016;4.807;Não;12;11/02/2016;24/02/2016;1572800;2;949,05;13294;9 - 30 D;10;PC;Material;Ativo   ;Total   ;0;
  8081.93;0;748;7481394;SINALEIRO LED 24V BRANCO L20DR7WP METALTEX                  ;;;0;18/06/2015;07/01/2016;11/01/2016;4.283;Não;15;13/01/2016;26/01/2016;1572800;10;22,5;26868;9 - 30 D;85;PC;Material;Ativo   ;Total   ;0;
  8081.94;0;748;7481395;SINALEIRO LED 24V VERMELHO L20DR7R METALTEX                 ;;;0;18/06/2015;07/01/2016;11/01/2016;4.283;Não;15;13/01/2016;26/01/2016;1572800;10;15;26868;9 - 30 D;85;PC;Material;Ativo   ;Total   ;0;
  8081.95;0;842;8420094;EMENDA ISOLADA CABO ELETRICO                                ;;;0;18/06/2015;07/01/2016;11/01/2016;4.274;Não;17;18/01/2016;25/01/2016;1572800;15;60;1536;9 - 30 D;10;PC;Material;Ativo   ;Total   ;0;
  8082.31;0;Y280200 ;UC003041        ;MACHO MAN ACO RAP M 5,00MM E100M5NO8 DORMER                 ;;;0;18/06/2015;08/01/2016;13/01/2016;4.359;Não;30;28/01/2016;09/02/2016;1572800;1;131;20465;9 - 30 D;10;JG;Material;Ativo   ;Total   ;MANUTENCAO MINA                                   ;0
  8082.32;0;Y280200 ;UC003042        ;MACHO MAN ACO RAP M 6,00MM E100M6NO8 DORMER                 ;;;0;18/06/2015;08/01/2016;13/01/2016;4.359;Não;30;28/01/2016;09/02/2016;1572800;1;139;20465;9 - 30 D;10;JG;Material;Ativo   ;Total   ;MANUTENCAO MINA                                   ;0
  8082.33;0;Y280200 ;UC003043        ;MACHO MAN ACO RAP M 8,00MM E100M8NO8 DORMER                 ;;;0;18/06/2015;08/01/2016;13/01/2016;4.359;Não;30;09/03/2016;14/03/2016;1572800;1;169;20465;9 - 30 D;10;JG;Material;Ativo   ;Total   ;MANUTENCAO MINA                                   ;0
  8082.34;0;728;7280145;RELE TERMICO                                                ;;;0;18/06/2015;08/01/2016;11/01/2016;4.283;Não;17;13/01/2016;26/01/2016;1572800;1;98,6;26868;9 - 30 D;10;PC;Material;Ativo   ;Total   ;0;
  8082.35;0;Y280200 ;UC003044        ;MACHO MAN ACO RAP M 12,00MM E100M12NO8 DORMER               ;;;0;18/06/2015;08/01/2016;13/01/2016;4.359;Não;30;28/01/2016;09/02/2016;1572800;1;276;20465;9 - 30 D;10;JG;Material;Ativo   ;Total   ;MANUTENCAO MINA                                   ;0
  8082.36;0;Y280200 ;UC003212        ;MACHO MAN ACO RAP M 14,00MM E100M14NO8 DORMER               ;;;0;18/06/2015;08/01/2016;13/01/2016;4.359;Não;30;28/01/2016;09/02/2016;1572800;1;358;20465;9 - 30 D;10;JG;Material;Ativo   ;Total   ;MANUTENCAO MINA                                   ;0
  8082.37;0;728;7280157;RELE TERMICO 3UA50001J SIEMENS                              ;;;0;18/06/2015;08/01/2016;11/01/2016;4.269;Não;17;12/01/2016;25/01/2016;1572800;20;52;230;9 - 30 D;10;PC;Material;Ativo   ;Total   ;0;
  8082.38;0;Y280200 ;UC003213        ;MACHO MAN ACO RAP M 16,00MM E100M16NO8 DORMER               ;;;0;18/06/2015;08/01/2016;13/01/2016;4.359;Não;30;28/01/2016;09/02/2016;1572800;1;449;20465;9 - 30 D;10;JG;Material;Ativo   ;Total   ;MANUTENCAO MINA                                   ;0
  8082.39;0;Y280200 ;UC003214        ;MACHO MAN ACO RAP M 4,00MM E100M4NO8 DORMER                 ;;;0;18/06/2015;08/01/2016;13/01/2016;4.359;Não;30;09/03/2016;14/03/2016;1572800;1;123;20465;9 - 30 D;10;JG;Material;Ativo   ;Total   ;MANUTENCAO MINA                                   ;0
  8082.41;0;510;5100143;PROTETOR PARA CAMARA 9.00-R20                               ;;;0;18/06/2015;09/01/2016;11/01/2016;4.281;Não;15;03/02/2016;23/02/2016;1572800;4;28;13481;28 - 28 ;10;PC;Material;Ativo   ;Total   ;0;
  8081.03;4026;9910;SV000939        ;ALUGUEL DE OUTROS EQUIPAMENTOS                              ;;;0;18/06/2015;05/01/2016;05/01/2016;4.210;Não;0;;;1888696;46.620,10;1;7016;9 - 30 D;99;SE;Serviço ;Ativo   ;Débito D;0;
  8081.05;4026;9910;SV000939        ;ALUGUEL DE OUTROS EQUIPAMENTOS                              ;;;0;18/06/2015;05/01/2016;05/01/2016;4.210;Não;0;;;1888696;95.331,36;1;7016;9 - 30 D;99;SE;Serviço ;Ativo   ;Débito D;0;
  8081.08;4027;9930;SV000956        ;MANUTENÇAO DE MÁQUINAS E EQUIPAMENTOS                       ;;;0;18/06/2015;05/01/2016;05/01/2016;4.212;Não;0;;;1888696;0;1;27413;9 - 30 D;99;SE;Serviço ;Ativo   ;Débito D;0;
  8081.47;4029;9999;99990099;INDENIZACOES A TERCEIROS                                    ;;;0;18/06/2015;06/01/2016;06/01/2016;4.231;Não;0;;;1888696;32.411,03;1;27245;9 - 30 D;99;SE;Serviço ;Ativo   ;Débito D;0;
  8082.28;4008;9999;99990345;DESPESAS REEMBOLSAVEIS - SERVIÇO                            ;;;0;18/06/2015;08/01/2016;19/11/2015;3.640;Não;0;;;1888696;3.242,14;1;8320;9 - 30 D;99;SE;Serviço ;Ativo   ;Débito D;0;
  8082.29;2381;Y270105 ;MM002467        ;FILTRO OL COMPR 85588619 SANDVIK                            ;;;0;18/06/2015;08/01/2016;01/10/2012;203;Não;0;;;1888696;0;33,12;4237;28 - 28 ;20;PC;Material;Ativo   ;Total   ;MANUTENCAO MINA                                   ;0
  8080.77;3115;610;6100024;CALCA MASCULINA N° 42                                       ;;;0;18/06/2015;04/01/2016;01/08/2013;695;Não;0;15/02/2016;22/02/2016;1888696;20;27,447;857;28 - 28 ;10;PC;Material;Ativo   ;Total   ;0;
  8080.78;3115;610;6100023;CALCA MASCULINA N° 40                                       ;;;0;18/06/2015;04/01/2016;01/08/2013;695;Não;0;07/01/2016;11/01/2016;1888696;10;27,447;857;28 - 28 ;10;PC;Material;Ativo   ;Total   ;0;
  8080.79;3115;610;6100022;CALCA MASCULINA N° 38                                       ;;;0;18/06/2015;04/01/2016;01/08/2013;695;Não;0;15/02/2016;22/02/2016;1888696;15;27,447;857;28 - 28 ;10;PC;Material;Ativo   ;Total   ;0;
  8080.80;3115;610;6100021;CALCA MASCULINA N° 36                                       ;;;0;18/06/2015;04/01/2016;01/08/2013;695;Não;0;07/01/2016;11/01/2016;1888696;10;27,447;857;28 - 28 ;10;PC;Material;Ativo   ;Total   ;0;
  8080.81;3115;610;6100002;CAMISA MANGA CURTA N° 2                                     ;;;0;18/06/2015;04/01/2016;01/08/2013;695;Não;0;15/02/2016;22/02/2016;1888696;80;22,1025;857;28 - 28 ;10;PC;Material;Ativo   ;Total   ;0;
  8080.82;3115;610;6100004;CAMISA MANGA CURTA Nº 4                                     ;;;0;18/06/2015;04/01/2016;01/08/2013;695;Não;0;15/02/2016;22/02/2016;1888696;15;22,1025;857;28 - 28 ;10;PC;Material;Ativo   ;Total   ;0;
  8080.83;3115;610;6100003;CAMISA MANGA CURTA N° 3                                     ;;;0;18/06/2015;04/01/2016;01/08/2013;695;Não;0;07/01/2016;11/01/2016;1888696;30;22,1025;857;28 - 28 ;10;PC;Material;Ativo   ;Total   ;0;
  8081.21;0;9930;SV000956        ;MANUTENÇAO DE MÁQUINAS E EQUIPAMENTOS                       ;;;0;18/06/2015;06/01/2016;06/01/2016;4.226;Não;5;24/05/2016;15/07/2016;1888696;1;1.368,00;27197;9 - 30 D;99;SE;Serviço ;Ativo   ;Débito D;0;
  8081.23;2211;314;3142107;DIAFRAGMA 3115182200 ATLAS COPCO                            ;;;0;18/06/2015;06/01/2016;09/12/2011;131;Não;0;19/01/2016;04/02/2016;1888696;6;2.471,59;15526;40 - 40 ;10;PC;Material;Ativo   ;Total   ;0;
  8081.24;2211;314;3142234;KIT ANEIS VEDACAO 3115915390 ATLAS COPCO                    ;;;0;18/06/2015;06/01/2016;09/12/2011;131;Não;0;19/01/2016;04/02/2016;1888696;3;669,0708;15526;40 - 40 ;10;JG;Material;Ativo   ;Total   ;0;
  8081.25;3477;224;2240071;FILTRO AR A213938 DOOSAN                                    ;;;0;18/06/2015;06/01/2016;01/08/2014;1.564;Não;0;21/01/2016;03/02/2016;1888696;20;66,2;15159;28 - 28 ;10;PC;Material;Ativo   ;Total   ;0;
  8081.28;3794;400;4001248;BOMBA DE EMGRENAGEM  AZPF11016RAB01MB REXROTH               ;;;0;18/06/2015;06/01/2016;03/11/2014;63;Não;0;13/01/2016;27/01/2016;1888696;2;725;1600;28 - 28 ;85;PC;Material;Ativo   ;Total   ;0;
  8081.31;0;620;6200069;PAPEL LISO 0400 CHAMPION                                    ;;;0;18/06/2015;06/01/2016;06/01/2016;4.229;Não;2;06/01/2016;06/01/2016;1888696;100;31,58;21544;9 - 30 D;10;MH;Material;Ativo   ;Total   ;0;
  8081.35;3115;610;6100058;MACACAO 60 SEM MANGA                                        ;;;0;18/06/2015;06/01/2016;01/08/2013;695;Não;0;20/01/2016;03/02/2016;1888696;2;64,0185;857;28 - 28 ;10;PC;Material;Ativo   ;Total   ;0;
  8081.36;3115;610;6100076;MACACAO 70 MANGA CURTA                                      ;;;0;18/06/2015;06/01/2016;01/08/2013;695;Não;0;11/02/2016;22/02/2016;1888696;5;64,0185;857;28 - 28 ;10;PC;Material;Ativo   ;Total   ;0;
  8081.37;3115;610;6100082;MACACAO 50 MANGA LONGA                                      ;;;0;18/06/2015;06/01/2016;01/08/2013;695;Não;0;11/02/2016;22/02/2016;1888696;20;67,7985;857;28 - 28 ;10;PC;Material;Ativo   ;Total   ;0;
  8081.63;3999;334;3340034;COROA 3760903158 ATLAS COPCO                                ;;;0;18/06/2015;07/01/2016;04/11/2015;3.440;Não;0;08/01/2016;13/01/2016;1888696;50;594,56;24675;9 - 30 D;10;PC;Material;Ativo   ;Total   ;0;
  8081.65;3999;334;3340010;BARRILETE 8393081162 ATLAS COPCO                            ;;;0;18/06/2015;07/01/2016;04/11/2015;3.440;Não;0;02/02/2016;11/02/2016;1888696;5;1.691,81;24675;9 - 30 D;10;PC;Material;Ativo   ;Total   ;0;
  8081.66;3999;314;3142425;MOLA LTK48 ATLAS COPCO                                      ;;;0;18/06/2015;07/01/2016;04/11/2015;3.440;Não;0;18/01/2016;04/02/2016;1888696;50;30,18;24675;9 - 30 D;10;PC;Material;Ativo   ;Total   ;0;
  8081.67;3999;314;3142423;CAIXA MOLA RETENCAO LTK48 ATLAS COPCO                       ;;;0;18/06/2015;07/01/2016;04/11/2015;3.440;Não;0;02/02/2016;11/02/2016;1888696;50;33,23;24675;9 - 30 D;10;PC;Material;Ativo   ;Total   ;0;
  8081.68;3999;334;3340088;SAPATA DIAMANTADA AW                                        ;;;0;18/06/2015;07/01/2016;04/11/2015;3.440;Não;0;01/02/2016;10/02/2016;1888696;5;341,06;24675;9 - 30 D;10;PC;Material;Ativo   ;Total   ;0;
  8081.79;3477;224;2242162;MANGOTE 21851776D11 DOOSAN                                  ;;;0;18/06/2015;07/01/2016;01/08/2014;1.564;Não;0;02/02/2016;03/02/2016;1888696;1;274,021;15159;28 - 28 ;85;PC;Material;Ativo   ;Total   ;0;
  8081.80;2381;252;2522458;LUBRIFICADOR 797299725 SANDVIK                              ;;;0;18/06/2015;07/01/2016;01/10/2012;203;Não;0;24/08/2016;05/09/2016;1888696;2;1.181,65;4237;28 - 28 ;15;PC;Material;Ativo   ;Total   ;0;
  8081.88;2211;314;3140123;BUCHA 0500452008 ATLAS COPCO                                ;;;0;18/06/2015;07/01/2016;09/12/2011;131;Não;0;19/01/2016;04/02/2016;1888696;10;101,08;15526;40 - 40 ;10;PC;Material;Ativo   ;Total   ;0;
  8082.10;2211;314;3142109;JG JUNTAS 3115188090 ATLAS COPCO                            ;;;0;18/06/2015;08/01/2016;09/12/2011;131;Não;0;19/01/2016;04/02/2016;1888696;3;318,0128;15526;40 - 40 ;10;PC;Material;Ativo   ;Total   ;0;
  8082.11;2211;314;3142227;RETENTOR 0665100069/3115269300 ATLAS COPCO                  ;;;0;18/06/2015;08/01/2016;09/12/2011;131;Não;0;19/01/2016;04/02/2016;1888696;30;78,6024;15526;40 - 40 ;10;PC;Material;Ativo   ;Total   ;0;
  8082.12;2211;314;3142400;KIT REPARO 9120099006 ATLAS COPCO                           ;;;0;18/06/2015;08/01/2016;09/12/2011;131;Não;0;19/01/2016;04/02/2016;1888696;2;367,136;15526;40 - 40 ;10;JG;Material;Ativo   ;Total   ;0;
  8082.23;3572;624;6240032;IMPRESSO ORDEM DE SERVICO/ABAST/LUBRIFICACAO                ;;;0;18/06/2015;08/01/2016;09/06/2014;1.209;Não;0;13/01/2016;25/01/2016;1888696;60;2,67;9692;28 - 28 ;10;BL;Material;Ativo   ;Total   ;0;
  8081.83;0;742;7420207;CABO 750 03 DE POTENCIA + 3 SECCAO NOMINAL 95MM2 + 16 MM2   ;;;0;18/06/2015;07/01/2016;12/04/2016;6.057;Não;60;30/06/2016;04/07/2016;1950397;299;251,86;1227;28 - 28 ;10;M ;Material;Ativo   ;Total   ;0;
  8081.61;3396;140;1400467;ELEMENTO FILTRO PI352 PARKER                                ;;;0;18/06/2015;07/01/2016;03/02/2014;280;Não;0;;;1951145;0;6,65;294;28 - 28 ;10;PC;Material;Ativo   ;Total   ;0;
  8082.17;3835;470;4700086;VALVULA ESFERA 1 POL                                        ;;;0;18/06/2015;08/01/2016;20/01/2015;105;Não;0;;;1951145;0;22;26484;28 - 28 ;10;PC;Material;Ativo   ;Total   ;0;
  8080.69;3958;890;8900217;CORREIA 5V950 GATES                                         ;;;0;18/06/2015;04/01/2016;24/07/2015;1.761;Não;0;06/01/2016;11/01/2016;1951145;30;32,51;24052;9 - 30 D;10;PC;Material;Ativo   ;Total   ;0;
  8080.88;3497;124;1240039;OLEO LUBRIFICANTE LUBRAX TOP TURBO PETROBRAS                ;;;0;18/06/2015;04/01/2016;01/10/2013;282;Não;0;05/01/2016;11/01/2016;1951145;800;7,1058;2616;28 - 28 ;10;L ;Material;Ativo   ;Total   ;0;
  8080.89;3969;130;1300029;FLOCULANTE NALCOLYTE 4032 NALCO                             ;;;0;18/06/2015;04/01/2016;25/09/2014;2.038;Não;0;14/01/2016;21/01/2016;1951145;6.000,00;6,24;7335;28 - 28 ;10;KG;Material;Ativo   ;Total   ;0;
  8080.95;3875;412;4120240;ROTOR F6147A05 WEIR                                         ;;;0;18/06/2015;04/01/2016;12/03/2015;1.936;Não;0;12/02/2016;11/03/2016;1951145;4;2.780,00;2509;28 - 28 ;10;PC;Material;Ativo   ;Total   ;0;
  8080.97;3785;314;3149634;CAIXA DOS MORDENTES 3716026200                              ;;;0;18/06/2015;05/01/2016;10/10/2014;133;Não;0;16/02/2016;04/03/2016;1951145;2;945;20804;28 - 28 ;10;PC;Material;Ativo   ;Total   ;0;
  8081.07;3814;218;2180351;TANQUE 1902141 SCANIA                                       ;;;0;18/06/2015;05/01/2016;13/12/2014;1.245;Não;0;08/01/2016;09/02/2016;1951145;1;1.600,00;18858;28 - 28 ;85;PC;Material;Ativo   ;Total   ;0;
  8081.11;3785;256;2563617;PINO 1V8033 CATERPILLAR                                     ;;;0;18/06/2015;05/01/2016;10/10/2014;133;Não;0;19/01/2016;05/02/2016;1951145;4;504;20804;28 - 28 ;10;PC;Material;Ativo   ;Total   ;0;
  8081.12;3569;256;2564227;LUVA DE ESTAGIO 1869083 CATERPILLAR                         ;;;0;18/06/2015;05/01/2016;29/05/2015;199;Não;0;26/01/2016;10/02/2016;1951145;2;1.577,48;23852;28 - 28 ;10;PC;Material;Ativo   ;Total   ;0;
  8081.14;3939;590;5900089;ROLAMENTO 22315CCW33 SKF                                    ;;;0;18/06/2015;05/01/2016;08/07/2015;1.210;Não;0;19/01/2016;12/02/2016;1951145;1;351,5;2132;9 - 30 D;10;PC;Material;Ativo   ;Total   ;0;
  8081.15;3956;590;5900525;ROLAMENTO NU2308ECJ SKF                                     ;;;0;18/06/2015;05/01/2016;08/07/2015;3.349;Não;0;18/01/2016;02/02/2016;1951145;1;123,2;2621;9 - 30 D;10;PC;Material;Ativo   ;Total   ;0;
  8081.26;3569;256;2561542;FILTRO 1G8878 CATERPILLAR                                   ;;;0;18/06/2015;06/01/2016;29/05/2015;199;Não;0;19/01/2016;02/02/2016;1951145;10;298,8861;23852;28 - 28 ;10;PC;Material;Ativo   ;Total   ;0;
  8081.30;2381;252;2520860;BOMBA 77017377 SANDVIK                                      ;;;0;18/06/2015;06/01/2016;01/10/2012;203;Não;0;06/01/2016;08/02/2016;1951145;1;1.459,58;4237;28 - 28 ;85;PC;Material;Ativo   ;Total   ;0;
  8081.38;3535;610;6100186;MACACAO ELETRICISTA RISCO I Nº 46                           ;;;0;18/06/2015;06/01/2016;01/05/2014;1.244;Não;0;20/01/2016;03/02/2016;1951145;2;214;1538;28 - 28 ;10;PC;Material;Ativo   ;Total   ;0;
  8081.52;3403;140;1400486;FILTRO AR AFI6220 PARKER                                    ;;;0;18/06/2015;07/01/2016;03/02/2014;65;Não;0;14/01/2016;26/01/2016;1951145;6;28,296;2234;28 - 28 ;10;PC;Material;Ativo   ;Total   ;0;
  8081.53;3403;140;1400553;FILTRO OLEO CAIXA E DIFERENCIAL 2002705                     ;;;0;18/06/2015;07/01/2016;03/02/2014;65;Não;0;28/01/2016;08/02/2016;1951145;40;31,9;2234;28 - 28 ;10;PC;Material;Ativo   ;Total   ;0;
  8081.54;3403;140;1400579;ELEMENTO FILTRO 14896991A HYVA                              ;;;0;18/06/2015;07/01/2016;03/02/2014;65;Não;0;14/01/2016;26/01/2016;1951145;2;104;2234;28 - 28 ;10;PC;Material;Ativo   ;Total   ;0;
  8081.56;2381;252;2525285;FILTRO DE RETORNO 55200077 SANDVIK                          ;;;0;18/06/2015;07/01/2016;01/10/2012;203;Não;0;07/01/2016;20/01/2016;1951145;2;466,65;4237;28 - 28 ;85;PC;Material;Ativo   ;Total   ;0;
  8081.57;3958;890;8900059;CORREIA  5V1120 GATES/GOODYEAR                              ;;;0;18/06/2015;07/01/2016;24/07/2015;1.761;Não;0;08/01/2016;11/01/2016;1951145;16;34,12;24052;9 - 30 D;10;PC;Material;Ativo   ;Total   ;0;
  8081.58;3958;890;8900128;CORREIA V 09316958 TAMROCK                                  ;;;0;18/06/2015;07/01/2016;24/07/2015;1.761;Não;0;08/01/2016;11/01/2016;1951145;5;13,07;24052;9 - 30 D;10;PC;Material;Ativo   ;Total   ;0;
  8081.59;3958;890;8900178;"CORREIA TRAPEZOIDAL ""V"" A53 GATES                           ";;;0;18/06/2015;07/01/2016;24/07/2015;1.761;Não;0;02/02/2016;15/02/2016;1951145;8;9,62;24052;9 - 30 D;10;PC;Material;Ativo   ;Total   ;0;
  8081.62;3785;160;1600034;MORDENTE (JAW) 44 MM.  37160025                             ;;;0;18/06/2015;07/01/2016;10/10/2014;133;Não;0;02/02/2016;16/02/2016;1951145;80;178,5;20804;28 - 28 ;10;PC;Material;Ativo   ;Total   ;0;
  2605.00;3956;590;5900525;ROLAMENTO NU2308ECJ SKF                                     ;31/12/2015;1951575;13.866;07/01/2016;07/01/2016;08/07/2015;3.349;Não;0;18/01/2016;02/02/2016;1951145;1;123,2;2621;9 - 30 D;10;PC;Material;Ativo   ;Total   ;0;
  2605.01;3939;590;5900089;ROLAMENTO 22315CCW33 SKF                                    ;31/12/2015;1951575;13.866;07/01/2016;07/01/2016;08/07/2015;1.210;Não;0;06/01/2016;27/01/2016;1951145;1;351,5;2132;9 - 30 D;10;PC;Material;Ativo   ;Total   ;0;
  8081.74;3785;160;1600272;CABECA D'AGUA FB-07-059/REV.0                               ;;;0;18/06/2015;07/01/2016;10/10/2014;133;Não;0;16/02/2016;04/03/2016;1951145;2;470,1585;20804;28 - 28 ;10;PC;Material;Ativo   ;Total   ;0;
  8081.81;2381;252;2523097;SILENCIADOR 797598727 SANDVIK                               ;;;0;18/06/2015;07/01/2016;01/10/2012;203;Não;0;28/01/2016;09/02/2016;1951145;3;221,6025;4237;28 - 28 ;10;PC;Material;Ativo   ;Total   ;0;
  2605.03;2381;996;2528347;BOMBA HIDRAULICA 55039471 SANDVIK                           ;30/12/2015;1999950;13.781;06/01/2016;07/01/2016;01/10/2012;203;Não;0;08/01/2016;13/01/2016;1951145;1;4.290,07;4237;28 - 28 ;85;PC;Material;Ativo   ;Total   ;0;
  8081.87;2381;252;2522470;CORREIA DO MOTOR 55076238 SANDVIK                           ;;;0;18/06/2015;07/01/2016;01/10/2012;203;Não;0;18/01/2016;03/02/2016;1951145;3;289,267;4237;28 - 28 ;10;PC;Material;Ativo   ;Total   ;0;
  8081.98;3497;124;1240014;OLEO LUBRIFICANTE HR100EP PETROBRAS                         ;;;0;18/06/2015;08/01/2016;01/10/2013;282;Não;0;14/01/2016;21/01/2016;1951145;14.429,00;5,2;2616;28 - 28 ;10;L ;Material;Ativo   ;Total   ;0;
  8082.01;3396;140;1400467;ELEMENTO FILTRO PI352 PARKER                                ;;;0;18/06/2015;08/01/2016;03/02/2014;280;Não;0;07/01/2016;10/02/2016;1951145;4;6,65;294;28 - 28 ;10;PC;Material;Ativo   ;Total   ;0;
  8082.13;3785;314;3142580;DESLIZADEIRA 3128043000 ATLAS COPCO                         ;;;0;18/06/2015;08/01/2016;10/10/2014;133;Não;0;05/01/2016;21/01/2016;1951145;3;52,5;20804;28 - 28 ;10;PC;Material;Ativo   ;Total   ;0;
  8082.14;3785;412;4120203;ESPACADOR DAM117C21 WEIR                                    ;;;0;18/06/2015;08/01/2016;10/10/2014;133;Não;0;19/01/2016;05/02/2016;1951145;2;136,5;20804;28 - 28 ;10;PC;Material;Ativo   ;Total   ;0;
  8082.16;3785;412;4120232;LUVA EAM076C21 WEIR                                         ;;;0;18/06/2015;08/01/2016;10/10/2014;133;Não;0;02/02/2016;16/02/2016;1951145;4;472,5;20804;28 - 28 ;10;PC;Material;Ativo   ;Total   ;0;
  8082.18;3835;470;4700104;VALVULA GAVETA                                              ;;;0;18/06/2015;08/01/2016;20/01/2015;105;Não;0;17/03/2016;28/03/2016;1951145;2;845;26484;28 - 28 ;10;PC;Material;Ativo   ;Total   ;0;
  8082.19;3835;470;4700274;VALVULA MANGOTE 150 LB/ 2 POL                               ;;;0;18/06/2015;08/01/2016;20/01/2015;105;Não;0;02/05/2016;09/05/2016;1951145;1;2.360,00;26484;28 - 28 ;10;PC;Material;Ativo   ;Total   ;0;
  8082.21;3938;590;5900435;ROTULA RADIAL GE70ES2RS SKF                                 ;;;0;18/06/2015;08/01/2016;06/07/2015;1.124;Não;0;19/01/2016;05/02/2016;1951145;2;150,13;2272;9 - 30 D;10;PC;Material;Ativo   ;Total   ;0;
  8082.27;2381;Y270105 ;MM002466        ;FILTRO OL COMPR 81649209 SANDVIK                            ;;;0;18/06/2015;08/01/2016;01/10/2012;203;Não;0;13/04/2016;16/05/2016;1951145;2;33,12;4237;28 - 28 ;85;PC;Material;Ativo   ;Total   ;MANUTENCAO MINA                                   ;0
  8081.19;0;261;2610003;BOLA DE ACO 2.1/2 POL.                                      ;;;0;18/06/2015;06/01/2016;06/01/2016;4.227;Não;10;;;1951319;0;5,4;4085;9 - 30 D;10;KG;Material;Ativo   ;Total   ;0;
  2604.80;0;996;9962062;TAPETE                                                      ;04/01/2016;1950216;13.915;05/01/2016;06/01/2016;08/01/2016;4.254;Não;15;;;1951319;0;171;18171;9 - 30 D;99;PC;Material;Ativo   ;Débito D;0;
  2604.81;0;996;9962062;TAPETE                                                      ;04/01/2016;1950216;13.915;05/01/2016;06/01/2016;08/01/2016;4.254;Não;15;;;1951319;0;266;18171;9 - 30 D;99;PC;Material;Ativo   ;Débito D;0;
  2604.82;0;996;9962062;TAPETE                                                      ;04/01/2016;1950216;13.915;05/01/2016;06/01/2016;08/01/2016;4.254;Não;15;;;1951319;0;285;18171;9 - 30 D;99;PC;Material;Ativo   ;Débito D;0;
  2604.83;0;996;9962062;TAPETE                                                      ;04/01/2016;1950216;13.915;05/01/2016;06/01/2016;08/01/2016;4.254;Não;15;;;1951319;0;380;18171;9 - 30 D;99;PC;Material;Ativo   ;Débito D;0;
  2605.02;0;996;9961774;PNEU                                                        ;07/01/2015;1950890;14.193;07/01/2016;07/01/2016;07/01/2016;4.242;Sim;5;;;1951319;0;730;1758;28 - 28 ;99;PC;Material;Ativo   ;Débito D;0;
  8082.25;0;Y200026 ;UC001102        ;CAIXA EVAP UNIVERSAL C/4 DIF AR C/MOT VENT 12V              ;;;0;18/06/2015;08/01/2016;18/01/2016;4.474;Não;30;;;1951319;0;370;25114;28 - 28 ;10;PC;Material;Ativo   ;Total   ;MANUTENCAO MINA                                   ;0
  2604.97;0;590;5900400;ROLAMENTO 7315BECBM SKF                                     ;31/12/2015;1951575;13.866;07/01/2016;07/01/2016;07/01/2016;4.239;Não;10;;;1951319;0;799,14;5625;9 - 30 D;10;PC;Material;Ativo   ;Total   ;0;
  2605.17;0;9930;SV000956        ;MANUTENÇAO DE MÁQUINAS E EQUIPAMENTOS                       ;08/01/2016;1999120;14.240;08/01/2016;08/01/2016;08/01/2016;4.256;Não;2;;;1951319;0;4.230,00;16528;9 - 30 D;99;SE;Serviço ;Ativo   ;Débito D;911.022;
  8080.66;0;164;1640176;PRIMEIRO MANGOTE DESENHO 523F-42-4002                       ;;;0;18/06/2015;04/01/2016;05/01/2016;4.215;Não;30;28/01/2016;09/02/2016;1951319;1;1.547,15;506;28 - 28 ;85;PC;Material;Ativo   ;Total   ;0;
  8080.67;0;748;7480017;EMENDA CONTRATIL 15KV TW5551T 3M                            ;;;0;18/06/2015;04/01/2016;05/01/2016;4.214;Não;30;07/01/2016;22/01/2016;1951319;2;1.657,84;470;9 - 30 D;10;JG;Material;Ativo   ;Total   ;0;
  8080.68;0;818;8180048;CHUMBADOR EXPANSIVO (SWELLEX)                               ;;;0;18/06/2015;04/01/2016;07/01/2016;4.241;Não;40;29/01/2016;03/02/2016;1951319;2.400,00;49,85;1797;28 - 28 ;10;PC;Material;Ativo   ;Total   ;0;
  8080.68;0;818;8180048;CHUMBADOR EXPANSIVO (SWELLEX)                               ;;;0;18/06/2015;04/01/2016;07/01/2016;4.241;Não;40;29/01/2016;03/02/2016;1951319;2.400,00;49,85;1797;28 - 28 ;10;PC;Material;Ativo   ;Total   ;0;
  8080.70;0;890;8900085;CORREIA 8V1800 GOODYEAR                                     ;;;0;18/06/2015;04/01/2016;05/01/2016;4.224;Não;15;06/01/2016;11/01/2016;1951319;4;215;24052;9 - 30 D;10;PA;Material;Ativo   ;Total   ;0;
  2604.57;0;996;9961717;TUBOS E CONEXOES DE ACO                                     ;17/12/2015;1999982;13.161;22/12/2015;04/01/2016;05/01/2016;4.225;Não;20;03/02/2016;15/02/2016;1951319;1;4.450,00;24129;9 - 30 D;99;PC;Material;Ativo   ;Débito D;0;
  2604.58;0;996;9960239;ANEL ORING                                                  ;24/12/2015;1950962;13.539;29/12/2015;04/01/2016;08/01/2016;4.248;Não;100;18/03/2016;05/04/2016;1951319;2;31,8492;8151;9 - 30 D;99;PC;Material;Ativo   ;Débito D;0;
  2604.59;0;996;9960533;BORNE                                                       ;24/12/2015;1950962;13.539;29/12/2015;04/01/2016;08/01/2016;4.248;Não;30;13/01/2016;26/01/2016;1951319;2;1.751,67;8151;9 - 30 D;99;PC;Material;Ativo   ;Débito D;0;
  2604.60;0;996;9960239;ANEL ORING                                                  ;24/12/2015;1950962;13.539;29/12/2015;04/01/2016;08/01/2016;4.248;Não;30;13/01/2016;26/01/2016;1951319;1;3,8988;8151;9 - 30 D;99;PC;Material;Ativo   ;Débito D;0;
  2604.61;0;996;9960239;ANEL ORING                                                  ;24/12/2015;1950962;13.539;29/12/2015;04/01/2016;08/01/2016;4.248;Não;30;13/01/2016;26/01/2016;1951319;1;7,8732;8151;9 - 30 D;99;PC;Material;Ativo   ;Débito D;0;
  2604.62;0;996;9960239;ANEL ORING                                                  ;24/12/2015;1950962;13.539;29/12/2015;04/01/2016;08/01/2016;4.248;Não;30;13/01/2016;26/01/2016;1951319;2;28,0476;8151;9 - 30 D;99;PC;Material;Ativo   ;Débito D;0;
  2604.63;0;996;9960239;ANEL ORING                                                  ;24/12/2015;1950962;13.539;29/12/2015;04/01/2016;08/01/2016;4.248;Não;30;13/01/2016;26/01/2016;1951319;2;3,8988;8151;9 - 30 D;99;PC;Material;Ativo   ;Débito D;0;
  2604.64;0;996;9960239;ANEL ORING                                                  ;24/12/2015;1950962;13.539;29/12/2015;04/01/2016;08/01/2016;4.248;Não;30;13/01/2016;26/01/2016;1951319;2;61,0308;8151;9 - 30 D;99;PC;Material;Ativo   ;Débito D;0;
  2604.65;0;996;9960239;ANEL ORING                                                  ;24/12/2015;1950962;13.539;29/12/2015;04/01/2016;08/01/2016;4.248;Não;30;13/01/2016;26/01/2016;1951319;2;11,8584;8151;9 - 30 D;99;PC;Material;Ativo   ;Débito D;0;
  2604.66;0;996;9960029;ROLAMENTOS DE ALTA PRECISÃO                                 ;24/12/2015;1950962;13.539;29/12/2015;04/01/2016;08/01/2016;4.248;Não;30;13/01/2016;26/01/2016;1951319;1;107,016;8151;9 - 30 D;99;PC;Material;Ativo   ;Débito D;0;
  2604.67;0;996;9960029;ROLAMENTOS DE ALTA PRECISÃO                                 ;24/12/2015;1950962;13.539;29/12/2015;04/01/2016;08/01/2016;4.248;Não;30;13/01/2016;26/01/2016;1951319;1;108,1024;8151;9 - 30 D;99;PC;Material;Ativo   ;Débito D;0;
  2604.68;0;996;9960415;SUPORTE                                                     ;24/12/2015;1950962;13.539;29/12/2015;04/01/2016;08/01/2016;4.248;Não;30;13/01/2016;26/01/2016;1951319;1;31,647;8151;9 - 30 D;99;PC;Material;Ativo   ;Débito D;0;
  2604.69;0;996;9962767;SELO MECANICO                                               ;24/12/2015;1950962;13.539;29/12/2015;04/01/2016;08/01/2016;4.248;Não;30;13/01/2016;26/01/2016;1951319;2;570,779;8151;9 - 30 D;99;PC;Material;Ativo   ;Débito D;0;
  2604.70;0;996;9960415;SUPORTE                                                     ;24/12/2015;1950962;13.539;29/12/2015;04/01/2016;08/01/2016;4.248;Não;30;13/01/2016;26/01/2016;1951319;1;6.095,41;8151;9 - 30 D;99;PC;Material;Ativo   ;Débito D;0;
  2604.71;0;996;9962571;KIT REPARO                                                  ;24/12/2015;1950962;13.543;29/12/2015;04/01/2016;08/01/2016;4.248;Não;100;18/03/2016;05/04/2016;1951319;1;5.960,90;8151;9 - 30 D;99;PC;Material;Ativo   ;Débito D;0;
  8080.71;0;134;1340007;GAS CLOROFLUORCARBONO                                       ;;;0;18/06/2015;04/01/2016;04/01/2016;4.205;Não;15;04/01/2016;05/01/2016;1951319;68;30,8;9671;28 - 28 ;10;KG;Material;Ativo   ;Total   ;0;
  8080.72;0;134;1340001;ACETILENO GAS 9KG                                           ;;;0;18/06/2015;04/01/2016;04/01/2016;4.206;Não;15;05/01/2016;05/01/2016;1951319;81;40;24854;9 - 30 D;10;KG;Material;Ativo   ;Total   ;0;
  8080.73;0;134;1340002;ACETILENO GAS 1KG                                           ;;;0;18/06/2015;04/01/2016;04/01/2016;4.206;Não;15;05/01/2016;05/01/2016;1951319;2;75;24854;9 - 30 D;10;PC;Material;Ativo   ;Total   ;0;
  8080.74;0;134;1340011;GAS OXIGENIO 10M³                                           ;;;0;18/06/2015;04/01/2016;04/01/2016;4.206;Não;15;05/01/2016;05/01/2016;1951319;140;10;24854;9 - 30 D;10;M3;Material;Ativo   ;Total   ;0;
  8080.75;0;134;1340015;GAS OXIGENIO 1M³                                            ;;;0;18/06/2015;04/01/2016;04/01/2016;4.206;Não;15;05/01/2016;05/01/2016;1951319;1;50;24854;9 - 30 D;10;PC;Material;Ativo   ;Total   ;0;
  8080.76;0;134;1340021;GAS NITROGENIO 1M3 G 40044969 WHITE MARTINS                 ;;;0;18/06/2015;04/01/2016;04/01/2016;4.206;Não;15;05/01/2016;05/01/2016;1951319;1;50;24854;9 - 30 D;10;PC;Material;Ativo   ;Total   ;0;
  8080.84;0;618;6180037;BOTINA 40 BIQUEIRA DE ACO                                   ;;;0;18/06/2015;04/01/2016;05/01/2016;4.217;Não;15;07/01/2016;11/01/2016;1951319;20;55;1536;9 - 30 D;10;PR;Material;Ativo   ;Total   ;0;
  8080.85;0;618;6180036;BOTINA 39 BIQUEIRA DE ACO                                   ;;;0;18/06/2015;04/01/2016;05/01/2016;4.217;Não;15;07/01/2016;11/01/2016;1951319;4;55;1536;9 - 30 D;10;PR;Material;Ativo   ;Total   ;0;
  8080.86;0;618;6180005;SAPATO DE SEGURANCA 37                                      ;;;0;18/06/2015;04/01/2016;05/01/2016;4.217;Não;15;07/01/2016;11/01/2016;1951319;4;60;1536;9 - 30 D;10;PR;Material;Ativo   ;Total   ;0;
  8080.87;0;618;6180004;SAPATO DE SEGURANCA 36                                      ;;;0;18/06/2015;04/01/2016;05/01/2016;4.217;Não;15;07/01/2016;11/01/2016;1951319;6;60;1536;9 - 30 D;10;PR;Material;Ativo   ;Total   ;0;
  2604.73;0;996;9960239;ANEL ORING                                                  ;22/12/2015;1999982;13.428;29/12/2015;04/01/2016;04/01/2016;4.207;Não;30;11/01/2016;26/01/2016;1951319;1;5,184;16455;9 - 30 D;99;PC;Material;Ativo   ;Débito D;0;
  2604.74;0;996;9961454;ROTORES PARA BOMBA                                          ;22/12/2015;1999982;13.428;29/12/2015;04/01/2016;04/01/2016;4.207;Não;50;17/03/2016;22/03/2016;1951319;1;2.224,66;16455;9 - 30 D;99;PC;Material;Ativo   ;Débito D;0;
  2604.75;0;996;9961434;CARCACA DE BOMBA                                            ;22/12/2015;1999982;13.428;29/12/2015;04/01/2016;04/01/2016;4.207;Não;50;26/01/2016;09/02/2016;1951319;1;2.839,54;16455;9 - 30 D;99;PC;Material;Ativo   ;Débito D;0;
  2604.76;0;996;9970240;REVESTIMENTO E4018R55 WEIR                                  ;22/12/2015;1999982;13.428;29/12/2015;04/01/2016;04/01/2016;4.207;Não;50;17/03/2016;22/03/2016;1951319;1;1.236,82;16455;9 - 30 D;85;PC;Material;Ativo   ;Total   ;0;
  2604.78;0;996;9962595;ANEL DE RETENCAO                                            ;24/12/2015;1999950;13.537;29/12/2015;04/01/2016;05/01/2016;4.218;Não;20;16/02/2016;04/03/2016;1951319;3;1.170,58;2009;9 - 30 D;99;PC;Material;Ativo   ;Débito D;0;
  8080.90;0;354;3541408;ANEL DE CORTE 1063914005 METSO                              ;;;0;18/06/2015;04/01/2016;05/01/2016;4.220;Não;30;07/01/2016;26/01/2016;1951319;1;534,52;9861;9 - 30 D;85;PC;Material;Ativo   ;Total   ;0;
  8080.93;0;412;4120221;REVESTIMENTO E4018R26 WEIR                                  ;;;0;18/06/2015;04/01/2016;05/01/2016;4.215;Não;30;28/01/2016;09/02/2016;1951319;4;438,354;506;28 - 28 ;10;PC;Material;Ativo   ;Total   ;0;
  8080.96;0;256;2562340;CRUZETA 2K3631 CATERPILLAR                                  ;;;0;18/06/2015;05/01/2016;05/01/2016;4.223;Não;15;20/01/2016;02/02/2016;1951319;2;568,34;23852;9 - 30 D;10;PC;Material;Ativo   ;Total   ;0;
  8080.98;0;160;1600243;BUCHA 639371 MININGTECH                                     ;;;0;18/06/2015;05/01/2016;13/01/2016;4.378;Não;30;16/02/2016;19/02/2016;1951319;2;120;24129;9 - 30 D;10;PC;Material;Ativo   ;Total   ;0;
  8080.99;0;164;1640206;POLIA MOTORA CONFORME DESENHO 522F220005                    ;;;0;18/06/2015;05/01/2016;11/01/2016;4.295;Não;30;28/06/2016;05/07/2016;1951319;1;1.524,00;24129;9 - 30 D;85;PC;Material;Ativo   ;Total   ;0;
  8081.00;0;164;1640207;POLIA MOVIDA CONFORME DESENHO 522F220006                    ;;;0;18/06/2015;05/01/2016;11/01/2016;4.295;Não;30;28/06/2016;05/07/2016;1951319;1;2.200,00;24129;9 - 30 D;85;PC;Material;Ativo   ;Total   ;0;
  8081.01;0;314;3142394;ABRACADEIRA 90000197 ATLAS COPCO                            ;;;0;18/06/2015;05/01/2016;11/01/2016;4.261;Não;10;12/01/2016;11/02/2016;1951319;20;19;464;9 - 30 D;10;PC;Material;Ativo   ;Total   ;0;
  8081.02;0;884;8840360;RETENTOR 13X121X147MM R5 VEDABRAS                           ;;;0;18/06/2015;05/01/2016;05/01/2016;4.219;Não;20;04/01/2016;13/01/2016;1951319;2;81;2356;9 - 30 D;10;PC;Material;Ativo   ;Total   ;0;
  8081.04;0;130;1300003;CIANETO SODIO NACN - SOLUCAO 30%                            ;;;0;18/06/2015;05/01/2016;05/01/2016;4.211;Não;15;04/01/2016;05/01/2016;1951319;27,75;3.052,15;12868;21 - 21 ;10;T ;Material;Ativo   ;Total   ;0;
  8081.06;0;674;6740007;CADINHO ZIRCONITA 250ML CM2 PAVAN                           ;;;0;18/06/2015;05/01/2016;05/01/2016;4.221;Não;30;26/01/2016;11/02/2016;1951319;2.000,00;3;17856;9 - 30 D;10;PC;Material;Obsoleto;Total   ;0;
  8081.09;0;226;2260001;SILENCIOSO 1751098002 TOYOTA                                ;;;0;18/06/2015;05/01/2016;05/01/2016;4.216;Não;15;15/01/2016;25/01/2016;1951319;1;298;1256;9 - 30 D;10;PC;Material;Ativo   ;Total   ;0;
  8081.13;0;354;3541322;BOMBA LUBRIFICACAO PFR20350C3E311 REXNORD                   ;;;0;18/06/2015;05/01/2016;05/01/2016;4.220;Não;30;07/01/2016;26/01/2016;1951319;1;3.437,06;9861;9 - 30 D;10;PC;Material;Ativo   ;Total   ;0;
  8081.16;0;624;6240025;CONTROLE DE COMBUSTIVEIS                                    ;;;0;18/06/2015;05/01/2016;12/01/2016;4.298;Não;15;27/01/2016;28/01/2016;1951319;1.000,00;0,75;21007;9 - 30 D;10;BL;Material;Ativo   ;Total   ;0;
  8081.17;0;728;7280144;RELE TERMICO                                                ;;;0;18/06/2015;05/01/2016;12/01/2016;4.338;Não;20;15/01/2016;05/02/2016;1951319;2;256,48;26519;9 - 30 D;10;PC;Material;Ativo   ;Total   ;0;
  2604.79;0;996;9960471;SENSOR E ACESSORIOS                                         ;31/12/2015;1999950;13.869;06/01/2016;06/01/2016;06/01/2016;4.228;Sim;15;07/01/2016;07/01/2016;1951319;1;317,59;27400;9 - 30 D;99;PC;Material;Ativo   ;Débito D;0;
  8081.32;0;354;3544472;BOJO STANDARD MEDIO M0392816 METSO                          ;;;0;18/06/2015;06/01/2016;08/01/2016;4.247;Não;20;14/01/2016;26/01/2016;1951319;1;7.779,38;15148;9 - 30 D;85;PC;Material;Ativo   ;Total   ;0;
  8081.33;0;354;3544473;MANTO STANDARD MEDIO MM0384067 METSO                        ;;;0;18/06/2015;06/01/2016;11/01/2016;4.290;Não;20;15/01/2016;05/02/2016;1951319;1;8.686,78;15148;9 - 30 D;85;PC;Material;Ativo   ;Total   ;0;
  8081.34;0;354;3540638;CALHA DO QUEIXO 59411795000 METSO                           ;;;0;18/06/2015;06/01/2016;11/01/2016;4.289;Não;70;29/03/2016;12/04/2016;1951319;4;3.165,44;9861;9 - 30 D;10;PC;Material;Ativo   ;Total   ;0;
  2604.84;0;996;9960999;TINTA ESMALTE SINTETICO                                     ;04/01/2016;1950216;13.915;05/01/2016;06/01/2016;06/01/2016;4.233;Não;15;08/01/2016;08/01/2016;1951319;5;71,155;1693;9 - 30 D;99;PC;Material;Ativo   ;Débito D;0;
  2604.85;0;996;9960999;TINTA ESMALTE SINTETICO                                     ;04/01/2016;1950216;13.915;05/01/2016;06/01/2016;06/01/2016;4.233;Não;15;08/01/2016;08/01/2016;1951319;8;71,155;1693;9 - 30 D;99;PC;Material;Ativo   ;Débito D;0;
  2604.86;0;996;9960999;TINTA ESMALTE SINTETICO                                     ;04/01/2016;1950216;13.915;05/01/2016;06/01/2016;06/01/2016;4.233;Não;15;08/01/2016;08/01/2016;1951319;2;71,155;1693;9 - 30 D;99;PC;Material;Ativo   ;Débito D;0;
  2604.87;0;996;9960999;TINTA ESMALTE SINTETICO                                     ;04/01/2016;1950216;13.915;05/01/2016;06/01/2016;06/01/2016;4.233;Não;15;08/01/2016;08/01/2016;1951319;5;71,155;1693;9 - 30 D;99;PC;Material;Ativo   ;Débito D;0;
  2604.88;0;996;9962339;SOLVENTE / REMOVEDOR QUIMICO                                ;04/01/2016;1950216;13.915;05/01/2016;06/01/2016;06/01/2016;4.233;Não;15;08/01/2016;08/01/2016;1951319;4;66,025;1693;9 - 30 D;99;PC;Material;Ativo   ;Débito D;0;
  2604.89;0;996;9962253;FITA TEFLON/VEDA ROSCA                                      ;04/01/2016;1950216;13.915;05/01/2016;06/01/2016;06/01/2016;4.233;Não;15;08/01/2016;08/01/2016;1951319;10;8,455;1693;9 - 30 D;99;PC;Material;Ativo   ;Débito D;0;
  2604.90;0;996;9962253;FITA TEFLON/VEDA ROSCA                                      ;04/01/2016;1950216;13.915;05/01/2016;06/01/2016;06/01/2016;4.233;Não;15;08/01/2016;08/01/2016;1951319;10;4,655;1693;9 - 30 D;99;PC;Material;Ativo   ;Débito D;0;
  2604.91;0;996;9961103;ROLO PARA PINTURA E ACESSORIOS                              ;04/01/2016;1950216;13.915;05/01/2016;06/01/2016;06/01/2016;4.233;Não;15;08/01/2016;08/01/2016;1951319;10;7,5905;1693;9 - 30 D;99;PC;Material;Ativo   ;Débito D;0;
  2604.92;0;996;9961103;ROLO PARA PINTURA E ACESSORIOS                              ;04/01/2016;1950216;13.915;05/01/2016;06/01/2016;06/01/2016;4.233;Não;15;08/01/2016;08/01/2016;1951319;5;8,455;1693;9 - 30 D;99;PC;Material;Ativo   ;Débito D;0;
  2604.93;0;996;9960773;EXTENSOES / BICO DE SOLDA                                   ;04/01/2016;1950216;13.915;05/01/2016;06/01/2016;06/01/2016;4.233;Não;15;08/01/2016;08/01/2016;1951319;2;28,405;1693;9 - 30 D;99;PC;Material;Ativo   ;Débito D;0;
  2604.94;0;996;9960999;TINTA ESMALTE SINTETICO                                     ;04/01/2016;1950216;13.915;05/01/2016;06/01/2016;06/01/2016;4.233;Não;15;08/01/2016;08/01/2016;1951319;40;71,167;1693;9 - 30 D;99;PC;Material;Ativo   ;Débito D;0;
  8081.50;0;734;7340042;FITA ISOLANTE SCOTH 35 AMARELA 3M                           ;;;0;18/06/2015;06/01/2016;06/01/2016;4.234;Não;10;07/01/2016;27/01/2016;1951319;150;9;20465;9 - 30 D;85;PC;Material;Ativo   ;Total   ;0;
  8081.51;0;590;5900439;ROTULA RADIAL GEZ300ES2RS SKF                               ;;;0;18/06/2015;06/01/2016;07/01/2016;4.237;Não;5;08/01/2016;11/01/2016;1951319;2;660,9456;5625;9 - 30 D;10;PC;Material;Ativo   ;Total   ;0;
  2604.95;0;354;3543432;FILTRO 7043800008 METSO                                     ;31/12/2015;1999120;13.863;06/01/2016;07/01/2016;07/01/2016;4.235;Não;10;08/01/2016;26/01/2016;1951319;2;6.434,59;9861;9 - 30 D;85;PC;Material;Ativo   ;Total   ;0;
  8081.55;0;140;1400798;FILTRO AR EXTERNO BHC5042 DIECI                             ;;;0;18/06/2015;07/01/2016;13/01/2016;4.373;Não;20;02/02/2016;03/02/2016;1951319;2;323,6868;15159;28 - 28 ;10;PC;Material;Ativo   ;Total   ;0;
  2604.96;0;996;9963142;TINTA PVA / PO                                              ;05/01/2016;1951310;13.999;05/01/2016;07/01/2016;07/01/2016;4.236;Não;5;08/01/2016;11/01/2016;1951319;5;129,5;3207;9 - 30 D;99;PC;Material;Ativo   ;Débito D;0;
  8081.60;0;672;6720025;SILICA - QUARTZO EM PO                                      ;;;0;18/06/2015;07/01/2016;11/01/2016;4.292;Não;30;14/01/2016;25/01/2016;1951319;300;5,9;322;9 - 30 D;10;KG;Material;Ativo   ;Total   ;0;
  8081.64;0;818;8180048;CHUMBADOR EXPANSIVO (SWELLEX)                               ;;;0;18/06/2015;07/01/2016;07/01/2016;4.238;Não;20;08/01/2016;12/01/2016;1951319;400;55,85;4951;28 - 28 ;10;PC;Material;Ativo   ;Total   ;0;
  8081.69;0;261;2610005;BOLA DE ACO 3 POL.                                          ;;;0;18/06/2015;07/01/2016;08/01/2016;4.251;Não;5;08/01/2016;28/01/2016;1951319;51.000,00;5,4;4085;9 - 30 D;10;KG;Material;Ativo   ;Total   ;0;
  8081.70;0;130;1300039;CARBONATO SODIO                                             ;;;0;18/06/2015;07/01/2016;11/01/2016;4.294;Não;15;24/02/2016;02/03/2016;1951319;1.000,00;4,4;1438;9 - 30 D;10;KG;Material;Ativo   ;Total   ;0;
  2604.98;0;590;5900539;ROLAMENTO NU315WC3 NSK                                      ;31/12/2015;1951575;13.866;07/01/2016;07/01/2016;07/01/2016;4.239;Não;15;12/01/2016;15/01/2016;1951319;2;599,72;5625;9 - 30 D;10;PC;Material;Ativo   ;Débito D;0;
  2604.99;0;314;3142511;RETENTOR 10X75X100MM 1619517700  ATLAS COPCO                ;31/12/2015;1951575;13.866;07/01/2016;07/01/2016;07/01/2016;4.240;Não;15;11/01/2016;15/01/2016;1951319;4;128,6;11644;9 - 30 D;10;PC;Material;Ativo   ;Débito D;0;
  8081.73;0;150;1500283;TERMINAL NEGATIVO TBN0102 MCI METALURGICA                   ;;;0;18/06/2015;07/01/2016;13/01/2016;4.377;Não;30;14/01/2016;26/01/2016;1951319;20;5;21548;28 - 28 ;10;PC;Material;Ativo   ;Total   ;0;
  8081.76;0;750;7500336;TOMADA S-105-6                                              ;;;0;18/06/2015;07/01/2016;11/01/2016;4.291;Não;30;01/04/2016;11/04/2016;1951319;20;226,6;230;9 - 30 D;10;PC;Material;Ativo   ;Total   ;0;
  8081.78;0;130;1300003;CIANETO SODIO NACN - SOLUCAO 30%                            ;;;0;18/06/2015;07/01/2016;07/01/2016;4.243;Não;15;07/01/2016;08/01/2016;1951319;28,2;2.943,69;12868;21 - 21 ;10;T ;Material;Ativo   ;Total   ;0;
  8081.82;0;118;1180046;TARUGO BRONZE 2 POL.                                        ;;;0;18/06/2015;07/01/2016;14/01/2016;4.402;Não;20;27/01/2016;10/02/2016;1951319;10;105,42;12457;28 - 28 ;10;KG;Material;Ativo   ;Total   ;0;
  8081.84;0;118;1180058;TARUGO BRONZE 4.1/2 POL. RED BZ ICOME                       ;;;0;18/06/2015;07/01/2016;14/01/2016;4.402;Não;20;27/01/2016;10/02/2016;1951319;10;102,06;12457;28 - 28 ;10;KG;Material;Ativo   ;Total   ;0;
  8081.91;0;672;6720028;REVELADOR TESTE BRANCO                                      ;;;0;18/06/2015;07/01/2016;12/01/2016;4.330;Não;15;15/01/2016;25/01/2016;1951319;2;20;1536;9 - 30 D;10;PC;Material;Ativo   ;Total   ;0;
  8081.92;0;728;7280053;CONTATOR MEDIA TENSAO                                       ;;;0;18/06/2015;07/01/2016;12/01/2016;4.338;Não;20;15/01/2016;05/02/2016;1951319;1;124;26519;9 - 30 D;10;PC;Material;Ativo   ;Total   ;0;
  8081.96;0;590;5900400;ROLAMENTO 7315BECBM SKF                                     ;;;0;18/06/2015;08/01/2016;11/01/2016;4.258;Não;2;12/01/2016;28/01/2016;1951319;4;1.250,00;27279;9 - 30 D;10;PC;Material;Ativo   ;Total   ;0;
  8081.97;0;590;5900539;ROLAMENTO NU315WC3 NSK                                      ;;;0;18/06/2015;08/01/2016;11/01/2016;4.257;Não;15;12/01/2016;15/01/2016;1951319;2;599,72;5625;9 - 30 D;10;PC;Material;Ativo   ;Débito D;0;
  8081.99;0;112;1120011;CHAPA LISA ACO 9,53MM                                       ;;;0;18/06/2015;08/01/2016;13/01/2016;4.366;Não;15;20/01/2016;25/01/2016;1951319;10;430,5;439;9 - 30 D;10;PC;Material;Ativo   ;Total   ;0;
  2605.06;0;996;9960075;RETENTOR RADIAL PEQUENO DIAMETRO                            ;07/01/2016;1950216;14.203;07/01/2016;08/01/2016;11/01/2016;4.259;Sim;5;13/01/2016;05/02/2016;1951319;1;89;15575;9 - 30 D;99;PC;Material;Ativo   ;Débito D;0;
  2605.07;0;996;9960075;RETENTOR RADIAL PEQUENO DIAMETRO                            ;07/01/2016;1950216;14.203;07/01/2016;08/01/2016;11/01/2016;4.259;Sim;5;13/01/2016;05/02/2016;1951319;1;240;15575;9 - 30 D;99;PC;Material;Ativo   ;Débito D;0;
  2605.08;0;996;9960002;ROLAMENTOS AUTOCOMPENSADORES DE ROLOS                       ;07/01/2016;1950216;14.203;07/01/2016;08/01/2016;11/01/2016;4.259;Sim;5;13/01/2016;05/02/2016;1951319;1;350;15575;9 - 30 D;99;PC;Material;Ativo   ;Débito D;0;
  2605.09;0;996;9960002;ROLAMENTOS AUTOCOMPENSADORES DE ROLOS                       ;07/01/2016;1950216;14.203;07/01/2016;08/01/2016;11/01/2016;4.259;Sim;5;13/01/2016;05/02/2016;1951319;1;354;15575;9 - 30 D;99;PC;Material;Ativo   ;Débito D;0;
  2605.10;0;996;9960002;ROLAMENTOS AUTOCOMPENSADORES DE ROLOS                       ;07/01/2016;1950216;14.203;07/01/2016;08/01/2016;11/01/2016;4.259;Sim;5;13/01/2016;05/02/2016;1951319;1;229;15575;9 - 30 D;99;PC;Material;Ativo   ;Débito D;0;
  8082.00;0;114;1140026;PERIFL L SAE 1020 2X1/4 POL.                                ;;;0;18/06/2015;08/01/2016;14/01/2016;4.392;Não;15;20/01/2016;25/01/2016;1951319;10;92;439;9 - 30 D;10;PC;Material;Ativo   ;Total   ;0;
  2605.11;0;996;9962923;RESISTENCIA ELETRICA                                        ;07/01/2016;1990014;14.147;07/01/2016;08/01/2016;08/01/2016;4.255;Não;15;11/01/2016;16/02/2016;1951319;4;130;27448;28 - 28 ;99;PC;Material;Ativo   ;Débito D;0;
  2605.12;0;996;9960399;INTERRUPTOR DE TECLA                                        ;07/01/2016;1990014;14.147;07/01/2016;08/01/2016;08/01/2016;4.255;Não;15;11/01/2016;16/02/2016;1951319;3;38;27448;28 - 28 ;99;PC;Material;Ativo   ;Débito D;0;
  2605.13;0;996;9961436;CILINDROS HIDRAULICOS DE DUPLA ACAO                         ;08/01/2016;1950216;14.221;08/01/2016;08/01/2016;08/01/2016;4.246;Sim;15;11/01/2016;21/01/2016;1951319;1;3.299,00;1742;9 - 30 D;99;PC;Material;Ativo   ;Débito D;0;
  8082.02;0;256;2561742;TELA FILTRO 4S8598 CATERPILLAR                              ;;;0;18/06/2015;08/01/2016;13/01/2016;4.381;Não;20;14/01/2016;21/01/2016;1951319;1;44,9928;24470;28 - 28 ;85;PC;Material;Ativo   ;Total   ;0;
  8082.03;0;256;2563511;FILTRO DE OLEO 1440832 CATERPILLAR                          ;;;0;18/06/2015;08/01/2016;13/01/2016;4.374;Não;20;15/01/2016;05/02/2016;1951319;2;220;15575;9 - 30 D;10;PC;Material;Ativo   ;Total   ;0;
  8082.04;0;256;2563591;ELEMENTO FILTRO P-42 CATERPILLAR                            ;;;0;18/06/2015;08/01/2016;13/01/2016;4.380;Não;20;14/01/2016;18/02/2016;1951319;2;51,83;24470;9 - 30 D;10;PC;Material;Ativo   ;Total   ;0;
  8082.05;0;256;2563600;FILTRO 1R0762 CATERPILLAR                                   ;;;0;18/06/2015;08/01/2016;13/01/2016;4.374;Não;20;15/01/2016;05/02/2016;1951319;12;128;15575;9 - 30 D;10;PC;Material;Ativo   ;Total   ;0;
  8082.06;0;256;2563606;FILTRO DE OLEO 1R1807 CATERPILLAR                           ;;;0;18/06/2015;08/01/2016;13/01/2016;4.374;Não;20;15/01/2016;05/02/2016;1951319;10;130;15575;9 - 30 D;85;PC;Material;Ativo   ;Total   ;0;
  8082.07;0;256;2563647;FILTRO 2254118 CATERPILLAR                                  ;;;0;18/06/2015;08/01/2016;13/01/2016;4.374;Não;20;15/01/2016;05/02/2016;1951319;2;430;15575;9 - 30 D;10;PC;Material;Ativo   ;Total   ;0;
  8082.08;0;256;2563709;ANEL DO FILTRO DE DA TR 2S8439 CATERPILLAR                  ;;;0;18/06/2015;08/01/2016;13/01/2016;4.380;Não;20;14/01/2016;18/02/2016;1951319;2;22,16;24470;9 - 30 D;85;PC;Material;Ativo   ;Total   ;0;
  8082.09;0;256;2563939;FILTRO 9T8578 CATERPILLAR                                   ;;;0;18/06/2015;08/01/2016;13/01/2016;4.374;Não;20;15/01/2016;05/02/2016;1951319;2;240;15575;9 - 30 D;85;PC;Material;Ativo   ;Total   ;0;
  2605.14;0;996;9960029;ROLAMENTOS DE ALTA PRECISÃO                                 ;07/01/2016;1950962;14.146;07/01/2016;08/01/2016;08/01/2016;4.250;Sim;15;12/01/2016;27/01/2016;1951319;2;2.134,37;5625;9 - 30 D;99;PC;Material;Ativo   ;Débito D;0;
  8082.15;0;590;5900104;ROLAMENTO 23024CCW33 SKF                                    ;;;0;18/06/2015;08/01/2016;08/01/2016;4.252;Não;15;11/01/2016;01/02/2016;1951319;2;1.298,35;27279;9 - 30 D;10;PC;Material;Ativo   ;Total   ;0;
  8082.22;0;594;5940034;BUCHA H311 SKF                                              ;;;0;18/06/2015;08/01/2016;18/01/2016;4.467;Não;15;20/01/2016;26/01/2016;1951319;3;16,94;5625;9 - 30 D;10;PC;Material;Ativo   ;Total   ;0;
  8082.24;0;712;7120005;LAMPADA INCANDESCENTE                                       ;;;0;18/06/2015;08/01/2016;14/01/2016;4.409;Não;20;15/01/2016;26/01/2016;1951319;20;2,24;26771;9 - 30 D;10;PC;Material;Ativo   ;Total   ;0;
  8082.26;0;Y200115 ;UC001101        ;RELE TEMP 240V 1mA SPDT RAP                                 ;;;0;18/06/2015;08/01/2016;18/01/2016;4.475;Não;30;03/02/2016;11/02/2016;1951319;2;299,35;26519;9 - 30 D;85;PC;Material;Ativo   ;Total   ;MANUTENCAO MINA                                   ;0
  8082.30;0;720;7200125;ELO FUSIVEL 12A 15V                                         ;;;0;18/06/2015;08/01/2016;14/01/2016;4.408;Não;30;18/02/2016;03/03/2016;1951319;3;5;26519;9 - 30 D;10;PC;Material;Ativo   ;Total   ;0;
  8082.40;0;728;7280404;CONTATOR 3RT1054 SIEMENS                                    ;;;0;18/06/2015;08/01/2016;14/01/2016;4.408;Não;15;15/01/2016;19/02/2016;1951319;1;895;26519;9 - 30 D;10;PC;Material;Ativo   ;Total   ;0;
  2605.15;0;9910;SV000939        ;ALUGUEL DE OUTROS EQUIPAMENTOS                              ;08/01/2016;1950962;14.236;08/01/2016;08/01/2016;08/01/2016;4.253;Não;15;04/03/2016;17/03/2016;1951319;1;14.133,16;3037;28 - 28 ;99;SE;Serviço ;Ativo   ;Débito D;0;
  2605.16;0;9910;SV000939        ;ALUGUEL DE OUTROS EQUIPAMENTOS                              ;08/01/2016;1950962;14.236;08/01/2016;08/01/2016;08/01/2016;4.253;Não;15;04/03/2016;17/03/2016;1951319;1;14.133,16;3037;28 - 28 ;99;SE;Serviço ;Ativo   ;Débito D;0;
  8080.94;3775;412;4120237;REVESTIMENTO F6036MR26 WEIR                                 ;;;0;18/06/2015;04/01/2016;02/10/2014;697;Não;0;20/01/2016;04/02/2016;1951684;6;1.695,05;81;28 - 28 ;10;PC;Material;Ativo   ;Total   ;0;
  8081.39;0;9999;SV000923        ;SERVIÇO DE CONSULTORIA PESSOA JURIDICA                      ;;;0;18/06/2015;06/01/2016;06/01/2016;4.232;Não;5;18/01/2016;28/01/2016;30101702;1;10.655,30;16910;28 - 28 ;99;SE;Serviço ;Ativo   ;Débito D;0;
